PassengerId,Pclass,Name,Sex,Age,SibSp,Parch,Ticket,Fare,Cabin,Embarked,Prediction
892,3,"Kelly, Mr. James",male,34.5,0,0,330911,7.8292,,Q,0
894,2,"Myles, Mr. Thomas Francis",male,62,0,0,240276,9.6875,,Q,0
895,3,"Wirz, Mr. Albert",male,27,0,0,315154,8.6625,,S,0
897,3,"Svensson, Mr. Johan Cervin",male,14,0,0,7538,9.225,,S,0
899,2,"Caldwell, Mr. Albert Francis",male,26,1,1,248738,29,,S,0
901,3,"Davies, Mr. John Samuel",male,21,2,0,A/4 48871,24.15,,S,0
902,3,"Ilieff, Mr. Ylio",male,,0,0,349220,7.8958,,S,0
903,1,"Jones, Mr. Charles Cresson",male,46,0,0,694,26,,S,0
905,2,"Howard, Mr. Benjamin",male,63,1,0,24065,26,,S,0
908,2,"Keane, Mr. Daniel",male,35,0,0,233734,12.35,,Q,0
909,3,"Assaf, Mr. Gerios",male,21,0,0,2692,7.225,,C,0
912,1,"Rothschild, Mr. Martin",male,55,1,0,PC 17603,59.4,,C,0
913,3,"Olsen, Master. Artur Karl",male,9,0,1,C 17368,3.1708,,S,1
915,1,"Williams, Mr. Richard Norris II",male,21,0,1,PC 17597,61.3792,,C,0
917,3,"Robins, Mr. Alexander A",male,50,1,0,A/5. 3337,14.5,,S,0
919,3,"Daher, Mr. Shedid",male,22.5,0,0,2698,7.225,,C,0
920,1,"Brady, Mr. John Bertram",male,41,0,0,113054,30.5,A21,S,1
921,3,"Samaan, Mr. Elias",male,,2,0,2662,21.6792,,C,0
922,2,"Louch, Mr. Charles Alexander",male,50,1,0,SC/AH 3085,26,,S,0
923,2,"Jefferys, Mr. Clifford Thomas",male,24,2,0,C.A. 31029,31.5,,S,0
926,1,"Mock, Mr. Philipp Edmund",male,30,1,0,13236,57.75,C78,C,1
927,3,"Katavelas, Mr. Vassilios (Catavelas Vassilios"")""",male,18.5,0,0,2682,7.2292,,C,0
930,3,"Sap, Mr. Julius",male,25,0,0,345768,9.5,,S,0
931,3,"Hee, Mr. Ling",male,,0,0,1601,56.4958,,S,0
932,3,"Karun, Mr. Franz",male,39,0,1,349256,13.4167,,C,0
933,1,"Franklin, Mr. Thomas Parham",male,,0,0,113778,26.55,D34,S,0
934,3,"Goldsmith, Mr. Nathan",male,41,0,0,SOTON/O.Q. 3101263,7.85,,S,0
937,3,"Peltomaki, Mr. Nikolai Johannes",male,25,0,0,STON/O 2. 3101291,7.925,,S,0
938,1,"Chevre, Mr. Paul Romaine",male,45,0,0,PC 17594,29.7,A9,C,1
939,3,"Shaughnessy, Mr. Patrick",male,,0,0,370374,7.75,,Q,0
942,1,"Smith, Mr. Lucien Philip",male,24,1,0,13695,60,C31,S,0
943,2,"Pulbaum, Mr. Franz",male,27,0,0,SC/PARIS 2168,15.0333,,C,0
946,2,"Mangiavacchi, Mr. Serafino Emilio",male,,0,0,SC/A.3 2861,15.5792,,C,0
947,3,"Rice, Master. Albert",male,10,4,1,382652,29.125,,Q,0
948,3,"Cor, Mr. Bartol",male,35,0,0,349230,7.8958,,S,0
949,3,"Abelseth, Mr. Olaus Jorgensen",male,25,0,0,348122,7.65,F G63,S,0
950,3,"Davison, Mr. Thomas Henry",male,,1,0,386525,16.1,,S,0
952,3,"Dika, Mr. Mirko",male,17,0,0,349232,7.8958,,S,0
953,2,"McCrae, Mr. Arthur Gordon",male,32,0,0,237216,13.5,,S,0
954,3,"Bjorklund, Mr. Ernst Herbert",male,18,0,0,347090,7.75,,S,0
956,1,"Ryerson, Master. John Borie",male,13,2,2,PC 17608,262.375,B57 B59 B63 B66,C,1
959,1,"Moore, Mr. Clarence Bloomfield",male,47,0,0,113796,42.4,,S,0
960,1,"Tucker, Mr. Gilbert Milligan Jr",male,31,0,0,2543,28.5375,C53,C,1
963,3,"Minkoff, Mr. Lazar",male,21,0,0,349211,7.8958,,S,0
965,1,"Ovies y Rodriguez, Mr. Servando",male,28.5,0,0,PC 17562,27.7208,D43,C,1
967,1,"Keeping, Mr. Edwin",male,32.5,0,0,113503,211.5,C132,C,1
968,3,"Miles, Mr. Frank",male,,0,0,359306,8.05,,S,0
970,2,"Aldworth, Mr. Charles Augustus",male,30,0,0,248744,13,,S,0
972,3,"Boulos, Master. Akar",male,6,1,1,2678,15.2458,,C,1
973,1,"Straus, Mr. Isidor",male,67,1,0,PC 17483,221.7792,C55 C57,S,0
974,1,"Case, Mr. Howard Brown",male,49,0,0,19924,26,,S,0
975,3,"Demetri, Mr. Marinko",male,,0,0,349238,7.8958,,S,0
976,2,"Lamb, Mr. John Joseph",male,,0,0,240261,10.7083,,Q,0
977,3,"Khalil, Mr. Betros",male,,1,0,2660,14.4542,,C,0
981,2,"Wells, Master. Ralph Lester",male,2,1,1,29103,23,,S,1
983,3,"Pedersen, Mr. Olaf",male,,0,0,345498,7.775,,S,0
985,3,"Guest, Mr. Robert",male,,0,0,376563,8.05,,S,0
986,1,"Birnbaum, Mr. Jakob",male,25,0,0,13905,26,,C,0
987,3,"Tenglin, Mr. Gunnar Isidor",male,25,0,0,350033,7.7958,,S,0
989,3,"Makinen, Mr. Kalle Edvard",male,29,0,0,STON/O 2. 3101268,7.925,,S,0
991,3,"Nancarrow, Mr. William Henry",male,33,0,0,A./5. 3338,8.05,,S,0
993,2,"Weisz, Mr. Leopold",male,27,1,0,228414,26,,S,0
994,3,"Foley, Mr. William",male,,0,0,365235,7.75,,Q,0
995,3,"Johansson Palmquist, Mr. Oskar Leander",male,26,0,0,347070,7.775,,S,0
997,3,"Holthen, Mr. Johan Martin",male,28,0,0,C 4001,22.525,,S,0
998,3,"Buckley, Mr. Daniel",male,21,0,0,330920,7.8208,,Q,0
999,3,"Ryan, Mr. Edward",male,,0,0,383162,7.75,,Q,0
1000,3,"Willer, Mr. Aaron (Abi Weller"")""",male,,0,0,3410,8.7125,,S,0
1001,2,"Swane, Mr. George",male,18.5,0,0,248734,13,F,S,1
1002,2,"Stanton, Mr. Samuel Ward",male,41,0,0,237734,15.0458,,C,0
1007,3,"Chronopoulos, Mr. Demetrios",male,18,1,0,2680,14.4542,,C,0
1008,3,"Thomas, Mr. John",male,,0,0,2681,6.4375,,C,0
1010,1,"Beattie, Mr. Thomson",male,36,0,0,13050,75.2417,C6,C,1
1013,3,"Kiernan, Mr. John",male,,1,0,367227,7.75,,Q,0
1015,3,"Carver, Mr. Alfred John",male,28,0,0,392095,7.25,,S,0
1016,3,"Kennedy, Mr. John",male,,0,0,368783,7.75,,Q,0
1018,3,"Brobeck, Mr. Karl Rudolf",male,22,0,0,350045,7.7958,,S,0
1020,2,"Bowenur, Mr. Solomon",male,42,0,0,211535,13,,S,0
1021,3,"Petersen, Mr. Marius",male,24,0,0,342441,8.05,,S,0
1022,3,"Spinner, Mr. Henry John",male,32,0,0,STON/OQ. 369943,8.05,,S,0
1023,1,"Gracie, Col. Archibald IV",male,53,0,0,113780,28.5,C51,C,1
1025,3,"Thomas, Mr. Charles P",male,,1,0,2621,6.4375,,C,0
1026,3,"Dintcheff, Mr. Valtcho",male,43,0,0,349226,7.8958,,S,0
1027,3,"Carlsson, Mr. Carl Robert",male,24,0,0,350409,7.8542,,S,0
1028,3,"Zakarian, Mr. Mapriededer",male,26.5,0,0,2656,7.225,,C,0
1029,2,"Schmidt, Mr. August",male,26,0,0,248659,13,,S,0
1031,3,"Goodwin, Mr. Charles Frederick",male,40,1,6,CA 2144,46.9,,S,0
1034,1,"Ryerson, Mr. Arthur Larned",male,61,1,3,PC 17608,262.375,B57 B59 B63 B66,C,0
1035,2,"Beauchamp, Mr. Henry James",male,28,0,0,244358,26,,S,0
1036,1,"Lindeberg-Lind, Mr. Erik Gustaf (Mr Edward Lingrey"")""",male,42,0,0,17475,26.55,,S,0
1037,3,"Vander Planke, Mr. Julius",male,31,3,0,345763,18,,S,0
1038,1,"Hilliard, Mr. Herbert Henry",male,,0,0,17463,51.8625,E46,S,Undef
1039,3,"Davies, Mr. Evan",male,22,0,0,SC/A4 23568,8.05,,S,0
1040,1,"Crafton, Mr. John Bertram",male,,0,0,113791,26.55,,S,0
1041,2,"Lahtinen, Rev. William",male,30,1,1,250651,26,,S,0
1043,3,"Matinoff, Mr. Nicola",male,,0,0,349255,7.8958,,C,0
1044,3,"Storey, Mr. Thomas",male,60.5,0,0,3701,,,S,Undef
1046,3,"Asplund, Master. Filip Oscar",male,13,4,2,347077,31.3875,,S,0
1047,3,"Duquemin, Mr. Joseph",male,24,0,0,S.O./P.P. 752,7.55,,S,0
1050,1,"Borebank, Mr. John James",male,42,0,0,110489,26.55,D22,S,0
1053,3,"Touma, Master. Georges Youssef",male,7,1,1,2650,15.2458,,C,1
1055,3,"Pearce, Mr. Ernest",male,,0,0,343271,7,,S,0
1056,2,"Peruschitz, Rev. Joseph Maria",male,41,0,0,237393,13,,S,0
1058,1,"Brandeis, Mr. Emil",male,48,0,0,PC 17591,50.4958,B10,C,0
1059,3,"Ford, Mr. Edward Watson",male,18,2,2,W./C. 6608,34.375,,S,Undef
1062,3,"Lithman, Mr. Simon",male,,0,0,S.O./P.P. 251,7.55,,S,0
1063,3,"Zakarian, Mr. Ortin",male,27,0,0,2670,7.225,,C,0
1064,3,"Dyker, Mr. Adolf Fredrik",male,23,1,0,347072,13.9,,S,0
1065,3,"Torfa, Mr. Assad",male,,0,0,2673,7.2292,,C,0
1066,3,"Asplund, Mr. Carl Oscar Vilhelm Gustafsson",male,40,1,5,347077,31.3875,,S,0
1069,1,"Stengel, Mr. Charles Emil Henry",male,54,1,0,11778,55.4417,C116,C,1
1072,2,"McCrie, Mr. James Matthew",male,30,0,0,233478,13,,S,0
1073,1,"Compton, Mr. Alexander Taylor Jr",male,37,1,1,PC 17756,83.1583,E52,C,1
1075,3,"Lane, Mr. Patrick",male,,0,0,7935,7.75,,Q,0
1077,2,"Maybery, Mr. Frank Hubert",male,40,0,0,239059,16,,S,0
1079,3,"Davies, Mr. Joseph",male,17,2,0,A/4 48873,8.05,,S,0
1081,2,"Veal, Mr. James",male,40,0,0,28221,13,,S,0
1082,2,"Angle, Mr. William A",male,34,1,0,226875,26,,S,0
1083,1,"Salomon, Mr. Abraham L",male,,0,0,111163,26,,S,0
1084,3,"van Billiard, Master. Walter John",male,11.5,1,1,A/5. 851,14.5,,S,1
1085,2,"Lingane, Mr. John",male,61,0,0,235509,12.35,,Q,0
1086,2,"Drew, Master. Marshall Brines",male,8,0,2,28220,32.5,,S,1
1087,3,"Karlsson, Mr. Julius Konrad Eugen",male,33,0,0,347465,7.8542,,S,0
1088,1,"Spedden, Master. Robert Douglas",male,6,0,2,16966,134.5,E34,C,1
1090,2,"Baimbrigge, Mr. Charles Robert",male,23,0,0,C.A. 31030,10.5,,S,0
1093,3,"Danbom, Master. Gilbert Sigvard Emanuel",male,0.33,0,2,347080,14.4,,S,1
1094,1,"Astor, Col. John Jacob",male,47,1,0,PC 17757,227.525,C62 C64,C,0
1096,2,"Andrew, Mr. Frank Thomas",male,25,0,0,C.A. 34050,10.5,,S,0
1097,1,"Omont, Mr. Alfred Fernand",male,,0,0,F.C. 12998,25.7417,,C,0
1099,2,"Collett, Mr. Sidney C Stuart",male,24,0,0,28034,10.5,,S,0
1101,3,"Delalic, Mr. Redjo",male,25,0,0,349250,7.8958,,S,0
1102,3,"Andersen, Mr. Albert Karvin",male,32,0,0,C 4001,22.525,,S,0
1103,3,"Finoli, Mr. Luigi",male,,0,0,SOTON/O.Q. 3101308,7.05,,S,0
1104,2,"Deacon, Mr. Percy William",male,17,0,0,S.O.C. 14879,73.5,,S,0
1107,1,"Head, Mr. Christopher",male,42,0,0,113038,42.5,B11,S,0
1109,1,"Wick, Mr. George Dennick",male,57,1,1,36928,164.8667,,S,0
1111,3,"Thomson, Mr. Alexander Morrison",male,,0,0,32302,8.05,,S,0
1113,3,"Reynolds, Mr. Harold J",male,21,0,0,342684,8.05,,S,0
1115,3,"Karlsson, Mr. Einar Gervasius",male,21,0,0,350053,7.7958,,S,0
1118,3,"Asplund, Mr. Johan Charles",male,23,0,0,350054,7.7958,,S,0
1120,3,"Everett, Mr. Thomas James",male,40.5,0,0,C.A. 6212,15.1,,S,0
1121,2,"Hocking, Mr. Samuel James Metcalfe",male,36,0,0,242963,13,,S,0
1122,2,"Sweet, Mr. George Frederick",male,14,0,0,220845,65,,S,0
1124,3,"Wiklund, Mr. Karl Johan",male,21,1,0,3101266,6.4958,,S,0
1125,3,"Linehan, Mr. Michael",male,,0,0,330971,7.8792,,Q,0
1126,1,"Cumings, Mr. John Bradley",male,39,1,0,PC 17599,71.2833,C85,C,0
1127,3,"Vendel, Mr. Olof Edvin",male,20,0,0,350416,7.8542,,S,0
1128,1,"Warren, Mr. Frank Manley",male,64,1,0,110813,75.25,D37,C,0
1129,3,"Baccos, Mr. Raffull",male,20,0,0,2679,7.225,,C,0
1134,1,"Spedden, Mr. Frederic Oakley",male,45,1,1,16966,134.5,E34,C,0
1135,3,"Hyman, Mr. Abraham",male,,0,0,3470,7.8875,,S,0
1136,3,"Johnston, Master. William Arthur Willie""""",male,,1,2,W./C. 6607,23.45,,S,0
1137,1,"Kenyon, Mr. Frederick R",male,41,1,0,17464,51.8625,D21,S,0
1139,2,"Drew, Mr. James Vivian",male,42,1,1,28220,32.5,,S,0
1143,3,"Abrahamsson, Mr. Abraham August Johannes",male,20,0,0,SOTON/O2 3101284,7.925,,S,0
1144,1,"Clark, Mr. Walter Miller",male,27,1,0,13508,136.7792,C89,C,1
1145,3,"Salander, Mr. Karl Johan",male,24,0,0,7266,9.325,,S,0
1146,3,"Wenzel, Mr. Linhart",male,32.5,0,0,345775,9.5,,S,0
1147,3,"MacKay, Mr. George William",male,,0,0,C.A. 42795,7.55,,S,0
1148,3,"Mahon, Mr. John",male,,0,0,AQ/4 3130,7.75,,Q,0
1149,3,"Niklasson, Mr. Samuel",male,28,0,0,363611,8.05,,S,0
1151,3,"Midtsjo, Mr. Karl Albert",male,21,0,0,345501,7.775,,S,0
1152,3,"de Messemaeker, Mr. Guillaume Joseph",male,36.5,1,0,345572,17.4,,S,0
1153,3,"Nilsson, Mr. August Ferdinand",male,21,0,0,350410,7.8542,,S,0
1156,2,"Portaluppi, Mr. Emilio Ilario Giuseppe",male,30,0,0,C.A. 34644,12.7375,,C,0
1157,3,"Lyntakoff, Mr. Stanko",male,,0,0,349235,7.8958,,S,0
1158,1,"Chisholm, Mr. Roderick Robert Crispin",male,,0,0,112051,0,,S,0
1159,3,"Warren, Mr. Charles William",male,,0,0,C.A. 49867,7.55,,S,0
1161,3,"Pokrnic, Mr. Mate",male,17,0,0,315095,8.6625,,S,0
1162,1,"McCaffry, Mr. Thomas Francis",male,46,0,0,13050,75.2417,C6,C,1
1163,3,"Fox, Mr. Patrick",male,,0,0,368573,7.75,,Q,0
1166,3,"Saade, Mr. Jean Nassr",male,,0,0,2676,7.225,,C,0
1168,2,"Parker, Mr. Clifford Richard",male,28,0,0,SC 14888,10.5,,S,0
1169,2,"Faunthorpe, Mr. Harry",male,40,1,0,2926,26,,S,0
1170,2,"Ware, Mr. John James",male,30,1,0,CA 31352,21,,S,0
1171,2,"Oxenham, Mr. Percy Thomas",male,22,0,0,W./C. 14260,10.5,,S,0
1173,3,"Peacock, Master. Alfred Edward",male,0.75,1,1,SOTON/O.Q. 3101315,13.775,,S,1
1177,3,"Dennis, Mr. William",male,36,0,0,A/5 21175,7.25,,S,0
1178,3,"Franklin, Mr. Charles (Charles Fardon)",male,,0,0,SOTON/O.Q. 3101314,7.25,,S,0
1179,1,"Snyder, Mr. John Pillsbury",male,24,1,0,21228,82.2667,B45,S,1
1180,3,"Mardirosian, Mr. Sarkis",male,,0,0,2655,7.2292,F E46,C,0
1181,3,"Ford, Mr. Arthur",male,,0,0,A/5 1478,8.05,,S,0
1182,1,"Rheims, Mr. George Alexander Lucien",male,,0,0,PC 17607,39.6,,S,0
1184,3,"Nasr, Mr. Mustafa",male,,0,0,2652,7.2292,,C,0
1185,1,"Dodge, Dr. Washington",male,53,1,1,33638,81.8583,A34,S,1
1186,3,"Wittevrongel, Mr. Camille",male,36,0,0,345771,9.5,,S,0
1187,3,"Angheloff, Mr. Minko",male,26,0,0,349202,7.8958,,S,0
1189,3,"Samaan, Mr. Hanna",male,,2,0,2662,21.6792,,C,0
1190,1,"Loring, Mr. Joseph Holland",male,30,0,0,113801,45.5,,S,0
1191,3,"Johansson, Mr. Nils",male,29,0,0,347467,7.8542,,S,0
1192,3,"Olsson, Mr. Oscar Wilhelm",male,32,0,0,347079,7.775,,S,0
1193,2,"Malachard, Mr. Noel",male,,0,0,237735,15.0458,D,C,0
1194,2,"Phillips, Mr. Escott Robert",male,43,0,1,S.O./P.P. 2,21,,S,0
1195,3,"Pokrnic, Mr. Tome",male,24,0,0,315092,8.6625,,S,0
1198,1,"Allison, Mr. Hudson Joshua Creighton",male,30,1,2,113781,151.55,C22 C26,S,0
1199,3,"Aks, Master. Philip Frank",male,0.83,0,1,392091,9.35,,S,1
1200,1,"Hays, Mr. Charles Melville",male,55,1,1,12749,93.5,B69,S,0
1202,3,"Cacic, Mr. Jego Grga",male,18,0,0,315091,8.6625,,S,0
1203,3,"Vartanian, Mr. David",male,22,0,0,2658,7.225,,C,0
1204,3,"Sadowitz, Mr. Harry",male,,0,0,LP 1588,7.575,,S,0
1208,1,"Spencer, Mr. William Augustus",male,57,1,0,PC 17569,146.5208,B78,C,0
1209,2,"Rogers, Mr. Reginald Harry",male,19,0,0,28004,10.5,,S,0
1210,3,"Jonsson, Mr. Nils Hilding",male,27,0,0,350408,7.8542,,S,0
1211,2,"Jefferys, Mr. Ernest Wilfred",male,22,2,0,C.A. 31029,31.5,,S,0
1212,3,"Andersson, Mr. Johan Samuel",male,26,0,0,347075,7.775,,S,0
1213,3,"Krekorian, Mr. Neshan",male,25,0,0,2654,7.2292,F E57,C,0
1214,2,"Nesson, Mr. Israel",male,26,0,0,244368,13,F2,S,1
1215,1,"Rowe, Mr. Alfred G",male,33,0,0,113790,26.55,,S,0
1217,3,"Assam, Mr. Ali",male,23,0,0,SOTON/O.Q. 3101309,7.05,,S,0
1219,1,"Rosenshine, Mr. George (Mr George Thorne"")""",male,46,0,0,PC 17585,79.2,,C,0
1220,2,"Clarke, Mr. Charles Valentine",male,29,1,0,2003,26,,S,0
1221,2,"Enander, Mr. Ingvar",male,21,0,0,236854,13,,S,0
1223,1,"Dulles, Mr. William Crothers",male,39,0,0,PC 17580,29.7,A18,C,1
1224,3,"Thomas, Mr. Tannous",male,,0,0,2684,7.225,,C,0
1226,3,"Cor, Mr. Ivan",male,27,0,0,349229,7.8958,,S,0
1227,1,"Maguire, Mr. John Edward",male,30,0,0,110469,26,C106,S,0
1228,2,"de Brito, Mr. Jose Joaquim",male,32,0,0,244360,13,,S,0
1229,3,"Elias, Mr. Joseph",male,39,0,2,2675,7.2292,,C,0
1230,2,"Denbury, Mr. Herbert",male,25,0,0,C.A. 31029,31.5,,S,0
1231,3,"Betros, Master. Seman",male,,0,0,2622,7.2292,,C,0
1232,2,"Fillbrook, Mr. Joseph Charles",male,18,0,0,C.A. 15185,10.5,,S,0
1233,3,"Lundstrom, Mr. Thure Edvin",male,32,0,0,350403,7.5792,,S,0
1234,3,"Sage, Mr. John George",male,,1,9,CA. 2343,69.55,,S,0
1236,3,"van Billiard, Master. James William",male,,1,1,A/5. 851,14.5,,S,1
1238,2,"Botsford, Mr. William Hull",male,26,0,0,237670,13,,S,0
1240,2,"Giles, Mr. Ralph",male,24,0,0,248726,13.5,,S,0
1243,2,"Stokes, Mr. Philip Joseph",male,25,0,0,F.C.C. 13540,10.5,,S,0
1244,2,"Dibden, Mr. William",male,18,0,0,S.O.C. 14879,73.5,,S,0
1245,2,"Herman, Mr. Samuel",male,49,1,2,220845,65,,S,0
1247,1,"Julian, Mr. Henry Forbes",male,50,0,0,113044,26,E60,S,0
1249,3,"Lockyer, Mr. Edward",male,,0,0,1222,7.8792,,S,0
1250,3,"O'Keefe, Mr. Patrick",male,,0,0,368402,7.75,,Q,0
1252,3,"Sage, Master. William Henry",male,14.5,8,2,CA. 2343,69.55,,S,0
1255,3,"Strilic, Mr. Ivan",male,27,0,0,315083,8.6625,,S,0
1258,3,"Caram, Mr. Joseph",male,,1,0,2689,14.4583,,C,0
1261,2,"Pallas y Castello, Mr. Emilio",male,29,0,0,SC/PARIS 2147,13.8583,,C,0
1262,2,"Giles, Mr. Edgar",male,21,1,0,28133,11.5,,S,0
1264,1,"Ismay, Mr. Joseph Bruce",male,49,0,0,112058,0,B52 B54 B56,S,0
1265,2,"Harbeck, Mr. William H",male,44,0,0,248746,13,,S,0
1269,2,"Cotterill, Mr. Henry Harry""""",male,21,0,0,29107,11.5,,S,0
1270,1,"Hipkins, Mr. William Edward",male,55,0,0,680,50,C39,S,0
1271,3,"Asplund, Master. Carl Edgar",male,5,4,2,347077,31.3875,,S,0
1272,3,"O'Connor, Mr. Patrick",male,,0,0,366713,7.75,,Q,0
1273,3,"Foley, Mr. Joseph",male,26,0,0,330910,7.8792,,Q,0
1276,2,"Wheeler, Mr. Edwin Frederick""""",male,,0,0,SC/PARIS 2159,12.875,,S,0
1278,3,"Aronsson, Mr. Ernst Axel Algot",male,24,0,0,349911,7.775,,S,0
1279,2,"Ashby, Mr. John",male,57,0,0,244346,13,,S,0
1280,3,"Canavan, Mr. Patrick",male,21,0,0,364858,7.75,,Q,0
1281,3,"Palsson, Master. Paul Folke",male,6,3,1,349909,21.075,,S,0
1282,1,"Payne, Mr. Vivian Ponsonby",male,23,0,0,12749,93.5,B24,S,1
1284,3,"Abbott, Master. Eugene Joseph",male,13,0,2,C.A. 2673,20.25,,S,1
1285,2,"Gilbert, Mr. William",male,47,0,0,C.A. 30769,10.5,,S,0
1286,3,"Kink-Heilmann, Mr. Anton",male,29,3,1,315153,22.025,,S,0
1288,3,"Colbert, Mr. Patrick",male,24,0,0,371109,7.25,,Q,0
1290,3,"Larsson-Rondberg, Mr. Edvard A",male,22,0,0,347065,7.775,,S,0
1291,3,"Conlon, Mr. Thomas Henry",male,31,0,0,21332,7.7333,,Q,0
1293,2,"Gale, Mr. Harry",male,38,1,0,28664,21,,S,0
1295,1,"Carrau, Mr. Jose Pedro",male,17,0,0,113059,47.1,,S,0
1296,1,"Frauenthal, Mr. Isaac Gerald",male,43,1,0,17765,27.7208,D40,C,0
1297,2,"Nourney, Mr. Alfred (Baron von Drachstedt"")""",male,20,0,0,SC/PARIS 2166,13.8625,D38,C,0
1298,2,"Ware, Mr. William Jeffery",male,23,1,0,28666,10.5,,S,0
1299,1,"Widener, Mr. George Dunton",male,50,1,1,113503,211.5,C80,C,0
1305,3,"Spector, Mr. Woolf",male,,0,0,A.5. 3236,8.05,,S,0
1307,3,"Saether, Mr. Simon Sivertsen",male,38.5,0,0,SOTON/O.Q. 3101262,7.25,,S,0
1308,3,"Ware, Mr. Frederick",male,,0,0,359309,8.05,,S,0
1309,3,"Peter, Master. Michael J",male,,1,1,2668,22.3583,,C,1
